,0,1,2
0,1.1349373205351867,4.768443579383796,6
1,1.5859049694633283,3.540971749962757,7
2,1.2886906506529106,4.13891260175257,0
3,1.2984152281015209,4.13891247763063,0
4,1.2662332097458286,4.13891260175257,0
5,1.2829288158740788,4.167784343540376,0
6,1.333334308792842,3.635856922838518,5
7,1.3798272444953534,4.023907774152418,1
8,1.2939794063162662,4.138912479815036,0
9,1.3025723941769778,3.641671098931284,7
10,1.2679049676361178,4.13891260175257,0
11,1.2891781603037358,4.138912479815036,0
12,1.282952334958179,4.138912479815036,0
13,1.381918968344849,4.023907774152418,1
14,1.470435266570164,3.784268832523721,2
15,1.2987653519909845,4.138912479815036,0
16,1.2582927422903176,4.138916579028363,1
17,1.382668517398523,4.023907774152418,1
18,1.2887300937654325,4.13891260175257,0
19,1.2652553046397992,4.167360447523883,0
20,1.2678122183953944,4.167360447523883,0
21,1.3120316316889153,3.6414746246950953,6
22,1.3227828412696727,4.13891260175257,0
23,1.2920334820407164,4.138912479815036,0
24,1.2975855860567973,4.13891247763063,0
25,1.381812768778154,4.023907774152418,1
26,1.2666741504662504,4.13891260175257,0
27,1.298788850864146,4.13891247763063,0
28,1.2932569101912423,4.138912479815036,0
29,1.2912035683702905,4.138912479815036,0
30,1.2975855860567973,4.13891247763063,0
31,1.3501857123099479,4.023907774152418,1
32,1.3778296820518825,4.023907774152418,1
33,1.2984651332533248,4.13891247763063,0
34,1.2772705916486013,4.138792748394311,1
35,1.4310492785789497,3.973114180242131,2
36,1.3344342372605666,4.138912479815036,0
37,1.3124531566730118,4.13891260175257,0
38,1.3386519387570006,4.13891260175257,0
39,1.2662218000508272,4.13891260175257,0
40,1.3120316316889153,3.6414746246950953,6
41,1.3923752607500979,3.8681038614856798,2
42,1.279143758715601,4.166463731306301,0
43,1.2816042555998446,4.166463731306301,0
44,1.470435266570164,3.784268832523721,2
45,1.2782540550529868,4.166463728494541,0
46,1.2891781603037358,4.138912479815036,0
47,1.3952309450012423,3.60025860797504,4
48,1.2976858273695515,4.13891260175257,0
49,1.2889300959933303,4.1389124864550775,0
50,1.4027819830596073,4.023907774152418,1
51,1.2841305986200242,4.024953026366835,2
52,1.237597584240259,4.177328422407791,2
53,1.281342014078175,4.166463728494541,0
54,1.4931346775490006,3.60025860797504,3
55,1.2910095566044404,4.13891260175257,0
56,1.2956355241714632,4.13891260175257,0
57,1.4660441183570294,3.60025860797504,3
58,1.2846331597946363,4.13891260175257,0
59,1.2655163382065515,4.167360447523883,0
60,1.2903456619328166,4.138912490025203,0
61,1.3418081358967615,4.023907774152418,1
62,1.3328499671439473,4.138912465861672,0
63,1.3824981042204527,4.023907774152418,1
64,1.2783642160883792,4.166463731306301,0
65,1.2891933051875346,4.138912479815036,0
66,1.2984152281015209,4.13891247763063,0
67,1.4845087976763365,4.138462372800213,1
68,1.494871181467992,4.138462372800213,1
69,1.4163211365202948,3.7787049872873317,3
70,1.3800488672635831,4.023907774152418,1
71,1.3328499223564119,4.138912479815036,0
72,1.5034947774473981,3.737813657675604,3
73,1.2912035683702905,4.138912479815036,0
74,1.2975846184311237,4.13891247763063,0
75,1.2924492904364797,4.138912479815036,0
76,1.3779631510557382,4.023907774152418,1
77,1.4717845602469581,3.7983110342800606,2
78,1.47285183196458,3.784268832523721,2
79,1.3090283475903564,4.13891260175257,0
80,1.2654026530078115,4.167360447523883,0
81,1.282513238447738,4.166463731306301,0
82,1.2668676399803493,4.13891260175257,0
83,1.3724551169992871,4.023907774152418,1
84,1.2891781603037358,4.138912479815036,0
85,1.3811893055337727,4.023907774152418,1
86,1.288880535136281,4.13891260175257,0
87,1.2912035683702905,4.138912479815036,0
88,1.2912035683702905,4.138912479815036,0
89,1.3777984981972276,4.030176203871902,1
90,1.3003081271183208,4.13891247763063,0
91,1.3493076460942903,4.138912476924151,0
92,1.2984152281015209,4.13891247763063,0
93,1.385299248157072,3.9652410250621823,2
94,1.281342014078175,4.166463728494541,0
95,1.2960864003644375,4.13891260175257,0
96,1.2984152281015209,4.13891247763063,0
97,1.2662331923404462,4.13891260175257,0
98,1.2890221141451965,4.13891260175257,0
99,1.2902293577074249,4.138912479815036,0
100,1.1927251376030767,5.315990015051682,7
101,1.693051458918938,3.5084798577047493,6
102,1.657446682299469,4.913115645758853,1
103,1.5271272472091169,4.484335963346612,2
104,1.5435454192880822,3.6156953954684328,7
105,1.4573845200780742,3.739493268544791,8
106,1.7147497389283772,4.184790000781863,2
107,1.4238717897459525,5.099027297550237,1
108,1.3991475341787625,4.947088386794627,1
109,1.858862800719711,4.913115645758853,1
110,1.5403510698766196,3.9068633043982888,3
111,1.443492924977589,4.946770327592363,1
112,1.7128623772214309,4.192801024092465,2
113,1.7329641152559478,3.906821994877226,4
114,1.6209545263123757,4.484330809249685,2
115,1.393243694291124,4.936087346026813,2
116,1.668320073045738,4.913115645758853,1
117,1.5153133452528897,4.484316191720571,2
118,1.858862800719711,4.913115645758853,1
119,1.7053814814121104,4.192801024092465,2
120,1.694746024765842,4.017045897951655,3
121,1.70441673170599,4.913115645758853,1
122,1.4271221162860972,4.950798721216822,1
123,1.858862800719711,4.913115645758853,1
124,1.4238717897459525,5.099027297550237,1
125,1.587041703813978,4.12309720680807,2
126,1.7024233679720764,4.191493084656096,2
127,1.456501399503554,3.739493268544791,9
128,1.7116858490312692,3.906821994877226,4
129,1.5549230532223939,4.12309720680807,2
130,1.8256899610019963,4.912070939326332,1
131,1.6947660228686434,4.017045897951655,3
132,1.4807268529753574,4.4707827651947465,2
133,1.6220969198771007,4.484330809249685,2
134,1.7160918682536836,3.9068633043982888,4
135,1.7128623772214309,4.192801024092465,2
136,1.4245862282695823,4.946770327592363,1
137,1.655588528825706,4.913115645758853,1
138,1.4245862282695823,4.946770327592363,1
139,1.5506367361417586,4.483934020892991,2
140,1.6701830311726868,4.913115645758853,1
141,1.7010776281238333,4.191493084656096,2
142,1.397689308858695,4.947088386794627,1
143,1.858862800719711,4.913115645758853,1
144,1.3682645133043603,4.287657488917149,8
145,1.4699773097765432,3.739493268544791,7
146,1.5882582418262967,3.7814066376431694,5
147,1.5412410583498568,3.5084798577047493,7
148,1.4138987524347648,4.950798721216822,1
149,1.263389438127103,4.475888068295829,7
150,1.858862800719711,4.913115645758853,1
151,1.3715518636143225,5.926208056509632,2
152,1.545927961619289,3.5084798577047493,6
153,1.832222235001494,4.913115645758853,1
154,1.858862800719711,4.913115645758853,1
155,1.6701830311726868,4.913115645758853,1
156,1.425125988048622,5.091029517160694,1
157,1.7063488314166533,4.193230682055372,2
158,1.2186634492779096,5.315990015051682,4
159,1.7077879288884383,4.192801024092465,2
160,1.7191084465355169,4.196128457993967,2
161,1.694746024765842,4.017045897951655,3
162,1.7179589172330567,4.913115645758853,1
163,1.4168265648463687,4.950798721216822,1
164,1.7177996542976455,4.167057345462794,3
165,1.6569263539544197,4.913115645758853,1
166,1.5476323136193022,4.484320633237417,2
167,1.7063643772229917,4.192801024092465,2
168,1.4951009323817672,4.049529776251437,5
169,1.7150501020233029,4.375508119492593,2
170,1.5461501873939287,4.12309720680807,2
171,1.5865824262160209,4.12309720680807,2
172,1.8256899610019963,4.912070939326332,1
173,1.6023086993971327,4.072135734433533,4
174,1.7070140909551224,4.192801024092465,2
175,1.7177996542976455,4.167057345462794,3
176,1.5337953513336797,4.484330809249685,2
177,1.4280049600671423,4.946770327592363,1
178,1.668320073045738,4.913115645758853,1
179,1.6698887870907857,4.913115645758853,1
180,1.5271520969396057,4.484330809249685,2
181,1.4155821232345631,4.950798721216822,1
182,1.858862800719711,4.913115645758853,1
183,1.858862800719711,4.913115645758853,1
184,1.4168265658717232,4.950798721216822,1
185,1.555317102854495,4.12309720680807,2
186,1.4903772108556392,3.8130559857493003,6
187,1.7050969764771429,4.192801024092465,2
188,1.6569263539544197,4.913115645758853,1
189,1.858862800719711,4.913115645758853,1
190,1.5271520969396057,4.484330809249685,2
191,1.7053814814121104,4.192801024092465,2
192,1.7128623772214309,4.192801024092465,2
193,1.6859610787962587,4.017045897951655,3
194,1.5418959376853762,4.913394672320163,1
195,1.718971291562967,4.196128457993967,2
196,1.705096976477245,4.192801024092465,2
197,1.479912152740948,4.470783009447071,2
198,1.5272666308146803,4.484316191720571,2
199,1.7114113428136442,3.906821994877226,4
200,1.2923885385523726,5.637061390791181,3
201,1.7923602423890246,3.7110045224546275,8
202,1.4700266958770358,5.329442552115045,1
203,1.794115752933181,4.53769420848953,2
204,1.350411113719621,5.578875160246664,1
205,1.3518782094383643,5.578875160246664,1
206,1.525617533400812,3.782617326683781,8
207,1.4648302321556272,5.314518263313298,1
208,1.4487193937697487,3.9362189268858954,7
209,1.7507635725531816,3.9610415968470614,2
210,1.7722049397315571,3.952977310794782,2
211,1.4573271617242456,5.329442552115045,1
212,1.4269127249793407,4.6179449982876495,2
213,1.6168450509025047,4.081199039106813,2
214,1.8165482674970472,3.9628317672502784,2
215,1.803115184821883,4.53769420848953,2
216,1.4729382016173975,5.329442552115045,1
217,1.4421566278729485,5.314391399613996,1
218,1.4969789536065043,3.9806326327316564,2
219,1.6029847309833083,3.736100517549249,7
220,1.7574750086132056,3.96175798058603,2
221,1.4402509822884448,5.328204070787167,1
222,1.3902504285735917,4.114578535380036,5
223,1.7687194639963995,4.53769420848953,2
224,1.8075943189864372,3.952977310794782,2
225,1.370265866322991,5.329754307136234,1
226,1.3518782094383643,5.578875160246664,1
227,1.8604419792789575,4.53769420848953,2
228,1.3688794988598576,4.163143061443636,3
229,1.5329940701900358,5.328204070787167,1
230,1.3466562484798197,5.329752191004223,1
231,1.8089399322237265,3.96175798058603,2
232,1.5057022231124924,5.329442552115045,1
233,1.642837743826224,3.8269439819640714,2
234,1.8018490304852277,4.53769420848953,2
235,1.8274359039443486,3.9628317672502784,2
236,1.8089398237764927,3.96175798058603,2
237,1.8074839750990874,3.9627984556828397,2
238,1.4589048784213268,5.3281843159349735,1
239,1.4319058493468428,5.329442180612828,1
240,1.49697805956398,3.9806326327316564,2
241,1.4646832060300798,5.314518263313298,1
242,1.4985448091589852,3.862852298510048,8
243,1.803115184821883,4.53769420848953,2
244,1.350411113719621,5.578875160246664,1
245,1.360669445977533,5.329741277213658,1
246,1.6705171338433924,5.314547605498665,1
247,1.6029847309833083,3.736100517549249,7
248,1.4834817031656422,4.062327724304623,2
249,1.4233727943260364,5.3294717973806165,1
250,1.4706155307110675,3.9100935985121863,6
251,1.7596533886409034,3.8269439819640714,2
252,1.4233727943260364,5.3294717973806165,1
253,1.4233728345876147,5.3294717973806165,1
254,1.8129496492383788,3.96175798058603,2
255,1.4947262222447915,3.9806326327316564,2
256,1.3602039944158537,5.328204070787167,1
257,1.8089398237764927,3.96175798058603,2
258,1.858273823757759,4.53769420848953,2
259,1.8164054507783993,3.9628317672502784,2
260,1.859275009778547,4.53769420848953,2
261,1.7687194639963995,4.53769420848953,2
262,1.450647621097984,5.329439330558287,1
263,1.3688794988598576,4.163143061443636,3
264,1.6188618922271052,5.314518263313298,1
265,1.7970239512477326,3.7329554287626796,4
266,1.494587013951015,3.9806326327316564,3
267,1.772251850036481,3.952977310794782,2
268,1.5021664024614447,3.9806326327316564,2
269,1.3621410199219723,5.328204070787167,1
270,1.4557780092543264,5.329442552115045,1
271,1.3735264277872827,5.328204070787167,1
272,1.7687194639963995,4.53769420848953,2
273,1.455783257789115,5.329442552115045,1
274,1.4542349969122985,5.329435300150046,1
275,1.8583435467186,4.53769420848953,2
276,1.8153538531596192,3.9628317672502784,2
277,1.381522036812094,5.328204070787167,1
278,1.7481817883194177,3.8269439819640714,3
279,1.7123193507267842,3.8269439819640714,3
280,1.4533979893010023,5.328572804991608,1
281,1.4319055976345294,5.329442180612828,1
282,1.8153231738030484,3.9628317672502784,2
283,1.3621410199219723,5.328204070787167,1
284,1.8165482674970472,3.9628317672502784,2
285,1.689107496273883,5.088347189560354,2
286,1.7070010589556197,4.53769420848953,2
287,1.7687194639963995,4.53769420848953,2
288,1.38704334439939,5.177576821469271,2
289,1.8089399322237265,3.96175798058603,2
290,1.4822452005208306,3.9806326327316564,3
291,1.7687194639963995,4.53769420848953,2
292,1.3628542433430348,5.328204070787167,1
293,1.812645602098352,3.8269439819640714,3
294,1.816810146051407,3.96175798058603,2
295,1.442162173231626,5.314391399613996,1
296,1.3963231282285833,5.32974098870434,1
297,1.7687194639963995,4.53769420848953,2
298,1.5020057910748759,3.9806326327316564,2
299,1.3527746770929094,4.6621090856956044,2
300,1.1935090597775424,5.422591894457452,5
301,1.3180457749655334,3.461435805041341,2
302,1.3282204015582955,4.289312841840873,0
303,1.3329193797040337,4.236006429885454,0
304,1.2599079515547833,5.97260447950231,0
305,1.2937945392841477,3.6118236764755203,2
306,1.4155708243869807,3.6132273772010115,1
307,1.3369593745260997,4.289695038298173,0
308,1.28692182003035,5.423968758844852,0
309,1.3137159495074564,3.467044921203588,2
310,1.3415914897249008,4.042017016520522,0
311,1.2964814200141788,4.223451466931908,0
312,1.4207893234305145,3.5331965866622177,1
313,1.308048010789393,4.289695038298173,0
314,1.4041452542625543,4.28267842766919,0
315,1.2934586298656385,4.111613951994521,1
316,1.4185355497767527,3.613151880431827,1
317,1.3329183085787748,4.236006429885454,0
318,1.4155732098451854,3.6132273772010115,1
319,1.2550259329185356,5.97260447950231,0
320,1.4155708200077932,3.6132273772010115,1
321,1.4155732098451854,3.6132273772010115,1
322,1.4603970160409405,4.289695038298173,0
323,1.3137270446006863,3.467047476154104,2
324,1.3616791828481265,4.238051693658039,0
325,1.3415925342986437,4.042024328895663,0
326,1.2679755188370612,5.97260447950231,0
327,1.4155732098451854,3.6132273772010115,1
328,1.2593171371768261,5.97260447950231,0
329,1.3329183085787748,4.236006429885454,0
330,1.3121347498620641,4.289695038298173,0
331,1.3995121610807435,3.6131472439915244,1
332,1.444021492309055,4.28267842766919,0
333,1.355520828985897,3.6228273655076966,1
334,1.2591620208821428,5.97260447950231,0
335,1.608995544197085,5.033866434044884,0
336,1.3317470041124135,4.236006429885454,0
337,1.3582823338997334,4.289695038298173,0
338,1.5861388666903122,4.066143550323333,1
339,1.4155712635838598,3.6132273772010115,1
340,1.3369593749109987,4.289695038298173,0
341,1.2831343511121303,4.217827528364946,0
342,1.2951877557446179,4.238621509866939,0
343,1.3134877238422125,3.4669910186792006,2
344,1.3152228715783136,3.4672827764688448,2
345,1.5553310776887348,4.06292998030477,1
346,1.4150060818005499,3.6131461318725924,1
347,1.2550259329185356,5.97260447950231,0
348,1.4155733541980802,3.6132273772010115,1
349,1.4150060818005499,3.6131461318725924,1
350,1.247438914106304,4.131011741971247,5
351,1.3300517700453738,3.466963563348528,1
352,1.4039429476748713,4.28267842766919,0
353,1.2915158875356312,3.6118236764755203,3
354,1.3145246800439445,3.466964052400325,2
355,1.4127387152190665,3.6132273772010115,1
356,1.4155732098451854,3.6132273772010115,1
357,1.3145246800439445,3.466964052400325,2
358,1.337050166907398,4.289695038298173,0
359,1.3120270899767108,4.289695038298173,0
360,1.4155732098451854,3.6132273772010115,1
361,1.3080123190455184,3.6130949854517933,1
362,1.3891770185916201,4.289312841840873,0
363,1.3369593749109987,4.289695038298173,0
364,1.2935196357321466,4.238621509866939,0
365,1.2935264446484431,4.238621509866939,0
366,1.3524093967730355,4.04304406573214,0
367,1.4150110327705503,3.6131461318725924,1
368,1.3895356723621024,4.289312841840873,0
369,1.296476126375842,4.238621509866939,0
370,1.4022599222055316,4.235720980861721,0
371,1.3859630770493925,3.466963563348528,1
372,1.296476126375842,4.238621509866939,0
373,1.3524098123342547,4.043051384253015,0
374,1.361677731446014,4.238051693658039,0
375,1.292836877395064,4.239844414754182,0
376,1.433709456444388,4.28267842766919,0
377,1.5456958960700176,4.065601085022271,1
378,1.2794587231557748,5.581456891860852,0
379,1.4069003939904678,3.677289904825846,1
380,1.3616791828481265,4.238051693658039,0
381,1.361667664257448,4.238051693658039,0
382,1.3184920196383367,3.466963563348528,1
383,1.336951435137962,4.289695038298173,0
384,1.4271674385893225,3.6132273772010115,1
385,1.433709456444388,4.28267842766919,0
386,1.3329183085787748,4.236006429885454,0
387,1.3257238569488858,4.184829264846205,0
388,1.415024675295939,3.613145843032069,1
389,1.3278479553191807,4.289312841840873,0
390,1.4069865614426589,3.669672870982921,1
391,1.4207893234305145,3.5331965866622177,1
392,1.366211440743873,4.042017016520522,0
393,1.35210086955867,3.6130949854517933,1
394,1.3261753868337096,4.289312841840873,0
395,1.2653002973748897,5.423968758844852,0
396,1.3078551405067995,3.6130949854517933,1
397,1.3321300522598751,4.042781065073649,0
398,1.4150060818005499,3.6131461318725924,1
399,1.2832399934079313,4.217827528364946,0
400,1.2804047250584099,5.47325894644157,2
401,1.472496716305702,4.29423920420255,6
402,1.6770163437927617,5.740225693812867,0
403,1.5037331763594912,5.106646430293583,1
404,1.6564540505958798,5.740225693812867,0
405,1.72084558870208,4.486125977656163,1
406,1.3765752060340923,6.003918535989946,0
407,1.4367669370939664,4.29423920420255,3
408,1.377852350584149,5.984557017306752,0
409,1.442031198588786,4.277531663258609,4
410,1.3549439042212412,4.9001153838193865,1
411,1.4874728493601828,5.106646430293583,1
412,1.4293756700842373,5.041210483761662,1
413,1.6770163437927617,5.740225693812867,0
414,1.6617083274773528,5.734617339481864,0
415,1.6940741866667846,4.368126793655678,1
416,1.7848915586214193,4.4342403403851876,1
417,1.7221015198261869,4.499781301062739,1
418,1.6740170518108566,5.740225693812867,0
419,1.6740170518108566,5.740225693812867,0
420,1.7268149994860396,4.500236134641474,1
421,1.5539086029792244,4.8810806040138175,1
422,1.3770504401218404,6.003918535989946,0
423,1.4973239330231092,4.186619533461247,4
424,1.4455298902271332,4.883835557218037,1
425,1.7246725532492568,4.4822964374866165,1
426,1.363791481518278,5.972367209476478,0
427,1.486583275754751,5.099664809745055,1
428,1.5889990385236683,5.78612169771434,0
429,1.7228701533092974,4.481772326035965,1
430,1.6509796712097784,5.74017257695195,0
431,1.723666080202582,4.437792497061566,1
432,1.732405261783319,4.88267586838727,1
433,1.42441437380217,4.280002888319384,3
434,1.6886295014854855,5.740225693812867,0
435,1.6740737494769395,5.740225693812867,0
436,1.6789287585686201,4.368126793655678,1
437,1.7229091005186858,4.481772326035965,1
438,1.3767114186966556,6.003918535989946,0
439,1.706179465222247,4.437792497061566,1
440,1.7296548423011946,4.498335812134294,1
441,1.3630402043140761,6.003918535989946,0
442,1.4874619459516065,5.106646430293583,1
443,1.5924925518630835,4.368126793655678,2
444,1.7072183430843564,5.740225693812867,0
445,1.5353637978473866,4.186619533461247,4
446,1.4799837949606436,5.888544950189792,0
447,1.6888721527714656,5.740225693812867,0
448,1.6770525636317846,5.740225693812867,0
449,1.3749856648451093,5.972143888416436,0
450,1.4371833246565608,4.310379623147007,3
451,1.6564540505958798,5.740225693812867,0
452,1.3743381808076356,4.499962164777676,2
453,1.6770163437927617,5.740225693812867,0
454,1.3494360067679931,4.537271010818405,4
455,1.48746865702245,5.106646430293583,1
456,1.469457860233008,5.099664809745055,1
457,1.703610158886298,4.8810807341183295,1
458,1.3944062316030146,4.991420279295619,1
459,1.5450455312507467,4.8810806040138175,1
460,1.4011825161196454,5.983095886979955,0
461,1.6740076977499967,5.740225693812867,0
462,1.7295462020473285,4.4822964374866165,1
463,1.6740076977499967,5.740225693812867,0
464,1.4830593015483848,5.005289577671682,1
465,1.4064619848430102,5.979888609237222,0
466,1.5876075396124019,5.106646430293583,1
467,1.5450407032533713,4.8810806040138175,1
468,1.6770525636317846,5.740225693812867,0
469,1.7061959012764163,4.8810806040138175,1
470,1.6751000272160557,4.8810806040138175,1
471,1.5924925518630835,4.368126793655678,2
472,1.3767803943087649,6.1361286711749985,0
473,1.6644570464443262,5.738552196730318,0
474,1.4869665974596122,5.106646430293583,1
475,1.44783641348683,4.310379623147007,3
476,1.6933375672469964,4.8810807341183295,1
477,1.3742129227661615,4.5374848188823265,3
478,1.4367669370939664,4.29423920420255,3
479,1.7221099345822428,4.4822964374866165,1
480,1.4884391185674872,5.111241325797584,1
481,1.7267509376028245,4.497968036371439,1
482,1.7072529978217283,5.740225693812867,0
483,1.6793700543372905,4.368128677383043,1
484,1.4989581699235612,5.106646430293583,1
485,1.6739483945792981,5.740225693812867,0
486,1.7280972789995466,4.4822964374866165,1
487,1.3978417775964274,5.979888609237222,0
488,1.674499067303425,5.740225687306471,0
489,1.6536246102741872,5.738552196730318,0
490,1.7231228658479842,4.437792497061566,1
491,1.6614021186753165,5.734617339481864,0
492,1.4804269341143916,5.888544950189792,0
493,1.6780846879093594,4.368128677383043,1
494,1.7249759805089113,4.481772326035965,1
495,1.6775948719228047,4.368126793655678,1
496,1.688687588318611,5.740225693812867,0
497,1.3632315491339702,4.537493833441528,2
498,1.4975862216098077,5.888544950189792,0
499,1.6659242421674794,5.740225693812867,0
500,1.2844576717957956,4.789168312785625,5
501,1.6987973894019628,3.667372149790924,8
502,1.4604632902041361,4.428883175830131,1
503,1.464850163466345,4.428264486490487,1
504,1.4720268093005138,4.428883175830131,1
505,1.3750002930260798,3.7927037528997283,4
506,1.5240148490797392,4.138573960172276,2
507,1.4418836513429227,4.860895760412112,1
508,1.4749216512626844,3.7083946944629576,3
509,1.4402055067398423,4.652479510497629,1
510,1.4861864741322568,3.708127287030561,2
511,1.4144183363008456,4.7566508205057465,2
512,1.4604743128925004,4.428883175830131,1
513,1.4864881460041872,3.7084708332949057,2
514,1.4614976792104153,4.428883175830131,1
515,1.6060425904033326,4.492427608499856,1
516,1.5027856866189477,3.9656805046529096,2
517,1.4601696381597677,4.428883175830131,1
518,1.4663595599805275,4.428264486490487,1
519,1.3799318742839366,3.7927037528997283,5
520,1.3751948446298463,3.7927037528997283,4
521,1.4442521449893189,4.756674436358504,1
522,1.510155344294016,4.132467795715041,2
523,1.4682791473751398,4.428264486490487,1
524,1.5228754738054269,4.132467795715041,2
525,1.4509298697855342,4.729961637533227,1
526,1.4604895463364964,4.428883175830131,1
527,1.4601862984085512,4.428883175830131,1
528,1.441768456454863,4.854194692393666,1
529,1.4601696381597677,4.428883175830131,1
530,1.4739125626108198,4.428883175830131,1
531,1.471992529344459,4.428883175830131,1
532,1.483321189918662,4.118352130322408,2
533,1.4862129914020696,3.708126439942248,2
534,1.422606647293955,3.787658176749733,5
535,1.493356300256409,3.9656805046529096,2
536,1.5095793562800632,4.140053355180072,2
537,1.4862143708924942,3.708126439942248,2
538,1.5236882979895183,4.132467795715041,2
539,1.4387250878887325,4.756674436358504,1
540,1.4643786556307905,4.428289172095401,1
541,1.4730749184217875,4.428264486490487,1
542,1.4793069667911503,4.398867649615812,1
543,1.3669995166620243,4.428883175830131,1
544,1.4867770979520032,3.708126439942248,2
545,1.4862143708924942,3.708126439942248,2
546,1.4604632902041361,4.428883175830131,1
547,1.4601696381597677,4.428883175830131,1
548,1.4749114216856802,3.7083946944629576,3
549,1.4407322856455758,4.444661378607804,1
550,1.4601696381597677,4.428883175830131,1
551,1.3777959935615607,4.754105246078109,2
552,1.490423335340642,3.7084662029362985,2
553,1.3645453924989026,4.428264486490487,3
554,1.4752834493603098,3.706860227942522,3
555,1.49309139041706,4.132467795715041,2
556,1.4449392358591187,4.756674436358504,1
557,1.4859970953688042,3.708126439942248,2
558,1.4604632902041361,4.428883175830131,1
559,1.4807947667039356,3.708126439942248,2
560,1.522263141051453,4.1288495934676135,2
561,1.5401511779512551,4.132467795715041,2
562,1.4601696381597677,4.428883175830131,1
563,1.4887464951036053,4.488474008749019,1
564,1.4643576261602627,4.428289172095401,1
565,1.4689461312636165,4.497651413934031,1
566,1.3636153307779324,4.428883175830131,1
567,1.4574303903637316,3.8371264877190545,3
568,1.5089922150092345,3.9480530816797725,2
569,1.4718574256237233,4.428883175830131,1
570,1.5926569999252533,4.201304099609123,2
571,1.452977341633808,4.488474008749019,1
572,1.4859990404579717,3.708126439942248,2
573,1.4505802830328796,4.729961637533227,1
574,1.4604895463364964,4.428883175830131,1
575,1.605988256720896,4.492427608499856,1
576,1.4737811027783392,4.495012826971467,1
577,1.471992529344459,4.428883175830131,1
578,1.5228754738054269,4.132467795715041,2
579,1.5027856866189477,3.9656805046529096,2
580,1.522875475201302,4.132467795715041,2
581,1.4854969568208465,4.541316190955712,1
582,1.4599490969933753,4.428858490011793,1
583,1.4601696381597677,4.428883175830131,1
584,1.4909892666181959,3.7084708332949057,2
585,1.5255563602938906,4.3441017689744506,1
586,1.4643033417339038,4.428289172095401,1
587,1.4710545673147044,4.428883175830131,1
588,1.5243229328037513,4.3441017689744506,1
589,1.4651700649708062,4.428264486490487,1
590,1.462436291343113,4.40646614465427,1
591,1.4505802830328796,4.729961637533227,1
592,1.4574303903637316,3.8371264877190545,3
593,1.4720372148330256,4.428883175830131,1
594,1.4478110845366448,4.729961637533227,1
595,1.4648766743210222,4.428264486490487,1
596,1.450929796901333,4.729961637533227,1
597,1.503486816130039,3.9458686405106143,2
598,1.524479633133825,4.3441017689744506,1
599,1.523210031727683,4.138722972326809,2
600,1.2818305343357432,5.779829509639772,5
601,1.7469015114774569,3.9398216396513384,6
602,1.4403420874163595,4.866393197708541,2
603,1.462960370657779,4.901757024102784,2
604,1.404300838135091,4.306242078083583,6
605,1.3363505082835152,5.680619956677588,2
606,1.5784835685232963,4.868464790620004,2
607,1.31300150204796,5.833148338656562,2
608,1.5481743346657564,4.100639155134174,4
609,1.527276794572877,4.332459711458441,3
610,1.352255979778776,4.9049821187210245,2
611,1.4398791891127949,4.866393197708541,2
612,1.726675455229029,4.868317972495213,2
613,1.4960346824844317,4.314488990584981,3
614,1.4313692815436052,4.901757024102784,2
615,1.4239017863348495,4.901757024102784,2
616,1.6988698084566358,4.870798150479593,2
617,1.5486192960571872,4.100639155134174,4
618,1.5269548434471167,4.332459711458441,3
619,1.5432863588563577,4.186507407075175,5
620,1.3175712882124353,5.813581857863805,2
621,1.4480491227969816,4.9021603518899015,2
622,1.5568149354380598,4.476924186507365,3
623,1.3094919714844706,5.894107574597553,2
624,1.5915680439764588,4.866221963659084,2
625,1.4615259733717092,4.238929394622581,8
626,1.4032419184280907,4.306242078083583,6
627,1.518778978067385,4.331990274541406,3
628,1.4395437819294556,4.452286146973556,3
629,1.4303944408908227,4.901757024102784,2
630,1.5193577960890798,4.476924186507365,3
631,1.4398151862944544,4.866393197708541,2
632,1.5764234013984897,4.868464790620004,2
633,1.3251747635679343,5.998686827975677,2
634,1.4821144697065047,4.314488990584981,3
635,1.5915680439764588,4.866221963659084,2
636,1.313001480921646,5.833148338656562,2
637,1.5850026773769483,4.868463731971718,2
638,1.5526815078100287,4.0703051240363335,4
639,1.4400975581827071,4.866393197708541,2
640,1.5872645763835913,4.866221963659084,2
641,1.4944860327029732,4.497832251038462,3
642,1.4336932169359786,4.901757024102784,2
643,1.5238823469920189,4.332478070072741,3
644,1.6988469618643367,4.870798150479593,2
645,1.3363860481404695,5.680619956677588,2
646,1.519466278382434,4.331990274541406,3
647,1.7761393693019571,3.989821729178964,6
648,1.6899146677291972,4.868317972495213,2
649,1.495202073885831,4.332477389044525,3
650,1.527276794572877,4.332459711458441,3
651,1.518778978067385,4.331990274541406,3
652,1.3394541091287115,4.791329967886577,5
653,1.58476993757721,4.100639155134174,4
654,1.3235923852080431,5.998686827975677,2
655,1.4431768197383266,4.866393197708541,2
656,1.3316561963391578,5.257223030556024,2
657,1.435108407865806,4.901757024102784,2
658,1.4398807137488485,4.866393197708541,2
659,1.6988568613213533,4.870798150479593,2
660,1.5915680439764588,4.866221963659084,2
661,1.4398149820573731,4.866394256816971,2
662,1.51944816210086,4.331990274541406,3
663,1.6769842950549965,4.866221963659084,2
664,1.5298032516961402,4.476924186507365,3
665,1.4147878527141047,4.901757024102784,2
666,1.5785652917175363,4.868464790620004,2
667,1.5180830299468535,4.332477389044525,3
668,1.5432863588563577,4.186507407075175,5
669,1.5187312182759687,4.331990274541406,3
670,1.5285506453708886,4.476924186507365,3
671,1.3479835938945073,4.951938067953263,2
672,1.522641509147676,4.332477389044525,3
673,1.5915680439764588,4.866221963659084,2
674,1.5915680439764588,4.866221963659084,2
675,1.4058426812506009,4.901757024102784,2
676,1.4822782616281265,4.314488990584981,4
677,1.439596751494094,4.866393197708541,2
678,1.60113864135682,4.866221963659084,2
679,1.5565437051888276,4.476895228171025,3
680,1.4315094261427779,4.901757024102784,2
681,1.4801184703247698,4.333200990861756,3
682,1.4389098464777197,4.901761240544875,2
683,1.495202073885831,4.332477389044525,3
684,1.442888278432838,4.46114465293521,3
685,1.594092937533756,4.100103492497314,4
686,1.4155780068910204,4.400410329011466,3
687,1.5179098063890515,4.331976215459938,3
688,1.6778586749566817,4.866221963659084,2
689,1.582043653014243,4.866221963659084,2
690,1.3932016377993348,4.951938067953263,2
691,1.5258557186907402,4.497832251038462,3
692,1.5459642028288048,4.099394103352869,5
693,1.5459286440086286,4.901346450791078,2
694,1.5875799047516472,4.869317275901204,2
695,1.3995341345824892,4.659196830104125,4
696,1.4921721584888497,4.332477389044525,3
697,1.6988469618643367,4.870798150479593,2
698,1.591965977336717,4.866221963659084,2
699,1.404300838135091,4.306242078083583,6
700,1.2448206342776476,5.590449931673823,4
701,1.5052935233434648,3.450910675215488,5
702,1.3643327472582971,5.240896053010811,0
703,1.431819131441899,3.9032938370728933,1
704,1.3626086987218697,3.494707955792003,6
705,1.3307629512770673,5.358316460346528,1
706,1.3654024351293628,5.240896053010811,0
707,1.3419094047433033,3.494707955792003,4
708,1.4230076168066876,3.9129480324897608,1
709,1.3359524449766358,5.3353861824768805,0
710,1.484042244214867,3.9032938370728933,1
711,1.3819003009713624,3.913018787957339,1
712,1.4859580420477227,3.9129480324897608,1
713,1.409654903987822,3.913018787957339,1
714,1.3936381081835152,5.241130622201311,0
715,1.4744451892134414,3.9032938370728933,1
716,1.3654024351200096,5.240896053010811,0
717,1.4133720284310733,5.217301014865667,0
718,1.4663285257691492,3.6684447074928874,2
719,1.3452617362292774,5.241130622201311,0
720,1.4357332012578141,3.9129480324897608,1
721,1.3454674329825458,5.241130622201311,0
722,1.4658293444550325,3.6684447074928874,2
723,1.4726912602659357,3.9129480324897608,1
724,1.3685547106013258,3.494707955792003,7
725,1.4680289957920478,3.9129480324897608,1
726,1.38469839156642,3.494605196677528,4
727,1.3936381081835152,5.241130622201311,0
728,1.409654903987822,3.913018787957339,1
729,1.3270201601849647,3.73378804139601,5
730,1.43137719087906,3.9032938370728933,1
731,1.4840422831869073,3.9032938370728933,1
732,1.4726325240638696,3.9129480324897608,1
733,1.3669419767349866,4.638299554847373,0
734,1.46475932931871,3.6684447074928874,2
735,1.4685476550128242,3.9129480324897608,1
736,1.3416037121104272,5.198955421656263,0
737,1.465617788904883,3.9129480324897608,1
738,1.4314917126529236,3.9032938370728933,1
739,1.4376972288222403,3.9129480324897608,1
740,1.409650936388472,5.2055517264737565,0
741,1.332530181920113,5.354182346650534,1
742,1.3309778518545212,5.241130622201311,0
743,1.4117666154761774,5.2055517264737565,0
744,1.4961450328159038,3.9129480324897608,1
745,1.4096549039815898,3.913018787957339,1
746,1.4647593988975673,3.6684447074928874,2
747,1.3642332601870808,3.494707955792003,6
748,1.43137719087906,3.9032938370728933,1
749,1.3413808199875095,5.198955421656263,0
750,1.3454642978847715,5.241130622201311,0
751,1.4094395526158265,3.913017550165596,1
752,1.3307629512770673,5.358316460346528,1
753,1.2928926996114263,3.8853039304653016,3
754,1.5242208589067434,3.4620537511311587,4
755,1.4726625310347214,3.9129480324897608,1
756,1.3981884999129819,5.227725095267362,0
757,1.4708291748577111,3.9032938370728933,1
758,1.4776974964995109,3.9129480324897608,1
759,1.4534659326118822,4.142334539018091,1
760,1.3763124936334572,5.241130622201311,0
761,1.4843981332320244,3.9032938370728933,1
762,1.4726912602659357,3.9129480324897608,1
763,1.486640187178324,3.9032938370728933,1
764,1.4683373008268352,3.9129480324897608,1
765,1.3789992903386568,5.241130622201311,0
766,1.466246024751623,3.9129480324897608,1
767,1.3224969263656976,3.8853039304653016,3
768,1.5198126466370163,3.9032938370728933,1
769,1.4743731058250789,3.9129480324897608,1
770,1.3834240331573076,5.218305643196014,0
771,1.3359524449766358,5.3353861824768805,0
772,1.3929400498766096,5.221529159877766,0
773,1.46220075876371,3.9129480324897608,1
774,1.4229589353733982,3.9124465815686404,1
775,1.4683758137239973,3.9129480324897608,1
776,1.4180574253342233,3.913018787957339,1
777,1.3937295436677524,5.218305643196014,0
778,1.4726625021133546,3.9129480324897608,1
779,1.4710073049296553,3.9032938370728933,1
780,1.4665171484797006,3.6547094371368507,2
781,1.4327143715260113,3.9032938370728933,1
782,1.4508862922036116,3.912925987214255,1
783,1.4147558659690875,3.913018787957339,1
784,1.472654419897171,3.9129480324897608,1
785,1.3931779467044547,5.241130622201311,0
786,1.4729740703046263,3.9129480324897608,1
787,1.3916964072331,5.219316008172943,0
788,1.4662716732312935,3.9129480324897608,1
789,1.4145325402129654,5.240895536535675,0
790,1.4866294017637203,3.9032938370728933,1
791,1.4658292064367957,3.6684447074928874,2
792,1.46636114760789,3.9129480324897608,1
793,1.3325987473201815,5.351791067639267,1
794,1.4228880356113431,3.9129480324897608,1
795,1.3245067788985128,5.1987844779445105,0
796,1.3363908669506386,3.7179307260199863,4
797,1.3654024351200096,5.240896053010811,0
798,1.4134714970464064,5.20427465850739,0
799,1.3634571209326813,5.240309318348523,0
800,1.159380975031799,5.340136764943501,1
801,1.4873054983116165,3.347500388308165,4
802,1.2126571245075548,5.335954016495979,1
803,1.4819552087476153,4.756097321834862,1
804,1.1596417637176695,5.341858149585713,1
805,1.3033547686762497,3.6572177278549165,2
806,1.427615086886992,3.347500388308165,4
807,1.2316797875909493,5.305062607639027,0
808,1.3550734824692807,5.310214046839997,1
809,1.3719235782241996,3.9027085531053642,2
810,1.2318678156738214,5.305062607639027,0
811,1.42432676621584,3.6622357794225815,3
812,1.3440710407054142,3.664076822784002,2
813,1.2176310580044416,5.37375684621479,1
814,1.2443296944431113,4.490225779279792,2
815,1.439250939809741,4.714686909956132,2
816,1.2161208053585282,5.335954016495979,1
817,1.404230579408804,4.14194615940001,2
818,1.1733868045670062,5.340136764943501,1
819,1.460294635507841,4.744030202918675,1
820,1.337429918515641,5.305062607639027,1
821,1.2618588802962751,4.20128499756192,2
822,1.3187355476375895,5.305062607639027,1
823,1.4244508618202456,3.347500388308165,4
824,1.4821122112144576,4.562645077861393,2
825,1.4589696124283493,3.4730354817292155,5
826,1.2342592273001087,5.305062607639027,0
827,1.4301662852091874,3.664076822784002,3
828,1.2557866249876821,3.9055896256762463,2
829,1.2019887123985664,5.315462277572566,0
830,1.2316797875909493,5.305062607639027,0
831,1.2161138503991884,5.335954016495979,1
832,1.4809712953435574,4.755768941034828,1
833,1.3143684643346376,3.9055896256762463,2
834,1.419803428977752,3.6641243122648266,3
835,1.2682301677020404,4.15488748760175,2
836,1.3597579274225249,3.6312423600164325,6
837,1.4135835049746002,4.1424231387781845,2
838,1.4819671017466731,4.756104745553378,1
839,1.2318678156738214,5.305062607639027,0
840,1.3721522884768487,3.8984297166323625,2
841,1.1762035278649607,6.004848058404561,1
842,1.4271858252152128,3.6622226507593774,3
843,1.5616992750625314,7.172797773091599,1
844,1.3112571304919414,5.310214046839997,1
845,1.2671390771648159,5.305028423116921,0
846,1.2184259392009247,5.072636097594223,1
847,1.1678543293166095,5.340136764943501,1
848,1.2317724727607526,5.305062607639027,0
849,1.2213328362348594,5.305028439836502,0
850,1.3060263595942412,3.8584455066925853,4
851,1.2551365469813303,4.965472715597255,1
852,1.3797669953183667,3.9027085531053642,2
853,1.4648627282492868,3.4730354817292155,4
854,1.2499334320583875,3.9055896256762463,2
855,1.4660307458847157,3.382902466420651,4
856,1.3917506937315622,3.902104850976338,2
857,1.2443308820101564,4.490225779279792,2
858,1.2161138503991884,5.335954016495979,1
859,1.4301189150967797,3.6622357794225815,3
860,1.4819552087476153,4.756097321834862,1
861,1.2417789062993492,4.153198022377531,2
862,1.4475160383918617,3.5717490509130747,4
863,1.1666467831276004,5.30617770571375,0
864,1.2318678899135491,5.305062607639027,0
865,1.3534908073195329,3.664076822784002,2
866,1.2734184305626306,5.305062607639027,1
867,1.2878631787958714,5.304200661605081,1
868,1.3721323767631346,3.8987966665150466,2
869,1.3369548366387194,5.305062607639027,1
870,1.2267039966263182,4.755768941034828,1
871,1.4819552087476153,4.756097321834862,1
872,1.312294467527436,3.6489259556881484,4
873,1.2248681068634666,3.957830055879662,3
874,1.460332234857191,4.742374373756345,1
875,1.3769347789792934,4.719867883419011,1
876,1.382611841542955,4.719867883419011,1
877,1.234259372499293,5.305062607639027,0
878,1.4821122112144576,4.562645077861393,2
879,1.3534761377767017,3.664076822784002,2
880,1.1596618474977016,5.340136764943501,1
881,1.2318678156738214,5.305062607639027,0
882,1.2318678899135491,5.305062607639027,0
883,1.3229068472316263,3.6572177278549165,2
884,1.2490243880158405,5.2826905711277385,1
885,1.2161138503991884,5.335954016495979,1
886,1.276352118365071,5.305062607639027,1
887,1.4819625407616213,4.755768941034828,1
888,1.305815069950139,3.6572177278549165,2
889,1.316325283459764,3.8584455066925853,2
890,1.3534908073195329,3.664076822784002,2
891,1.1928696920910462,5.335954016495979,1
892,1.2474715664817984,4.490545276076494,2
893,1.3536265631325453,3.664095878437629,2
894,1.2772109030354886,5.305062590919087,0
895,1.4819552087476153,4.756097321834862,1
896,1.2318600417698564,5.305062607639027,0
897,1.3484489933037471,3.664076822784002,2
898,1.4819625407616213,4.755768941034828,1
899,1.3488984028425446,3.664076822784002,2
900,1.2522907594043196,5.405845651712012,4
901,1.4647471332310966,3.692639935253273,9
902,1.5193850026856668,4.154598686854706,2
903,1.4034524994882789,4.194167231872572,1
904,1.4005641453259279,5.07168307199607,2
905,1.4585600229679865,3.692639935253273,8
906,1.3986357752594574,4.194167231872572,2
907,1.362467816723552,3.8345090007360496,7
908,1.4940890778312406,4.1546408824518615,2
909,1.5162459639489645,4.154596356453704,2
910,1.5117685710824906,4.154596356453704,2
911,1.5047740124374005,4.089381956041405,3
912,1.4003057687024472,4.194167231872572,2
913,1.3475331308609078,4.35801457321246,2
914,1.7018469676672738,3.8871998350149695,3
915,1.5051940240365342,4.154596356453704,2
916,1.4545692197784146,4.192678084437848,2
917,1.5743740051570714,4.154598686854706,2
918,1.5166619574317741,4.154596356453704,2
919,1.4543152734604776,3.692639935253273,8
920,1.2728382548553885,4.366504433896205,2
921,1.7063345442908662,3.8872983630890063,3
922,1.4033334398488848,4.194167231872572,1
923,1.49235191912057,4.1546408824518615,2
924,1.4156968260052556,4.1928543176386786,2
925,1.4924433569007034,4.1546408824518615,2
926,1.5746220058420348,4.154597198464066,2
927,1.6337156238959483,3.887217075480641,3
928,1.4117151894556477,3.6232368688976835,8
929,1.4677355410510091,3.692639935253273,9
930,1.4633882441469663,4.161386815848064,2
931,1.5164788069427548,4.1546408824518615,2
932,1.3492086265406948,4.358141949373663,2
933,1.5746198243749814,4.154598686854706,2
934,1.523878649539282,4.1546408824518615,2
935,1.2823647184654328,4.200562700705308,2
936,1.523224070068952,4.1546408824518615,2
937,1.403342908169333,4.194167231872572,1
938,1.5212055106566489,4.154596356453704,2
939,1.503829859105764,4.154596356453704,2
940,1.517048614663323,4.154596356453704,2
941,1.3696213679676557,3.8373884351582888,6
942,1.4005589552297415,4.194167231872572,1
943,1.5743744963227275,4.154598686854706,2
944,1.5868831121191367,4.154598686854706,2
945,1.5118201894987087,4.154598686854706,2
946,1.4894202037846933,4.154639685951833,2
947,1.270539560171912,4.357744730590203,2
948,1.4003001714407404,4.194167231872572,2
949,1.2785351873717086,4.366504433896205,2
950,1.2750414551793445,4.200562700705308,2
951,1.5791482901163822,3.8511152742339285,5
952,1.270539560171912,4.357744730590203,2
953,1.5666528391405097,4.154597198464066,2
954,1.7018469676672738,3.8871998350149695,3
955,1.5243093739632236,4.154642446568935,2
956,1.5065880344197118,4.154596356453704,2
957,1.403342908169333,4.194167231872572,1
958,1.4894202037846933,4.154639685951833,2
959,1.7018469676672738,3.8871998350149695,3
960,1.2786827036230912,4.366504433896205,2
961,1.3759319885052739,3.9291898110494508,4
962,1.516244275926884,4.154596356453704,2
963,1.2996156312368732,4.366504433896205,2
964,1.2468644832056741,4.357744730590203,2
965,1.58739606745434,4.154598686854706,2
966,1.4632990541188409,4.161386815848064,2
967,1.708062407459654,3.8871998350149695,3
968,1.6405267364194698,3.887217075480641,3
969,1.512221067156313,4.154596356453704,2
970,1.3993847851605934,4.188704460017099,2
971,1.399152331184505,4.1928543176386786,2
972,1.508694846588912,4.1546408824518615,2
973,1.403342908169333,4.194167231872572,1
974,1.508694846588912,4.1546408824518615,2
975,1.5052353577226874,4.154596356453704,2
976,1.403342908169333,4.194167231872572,1
977,1.5300213377819432,4.154596356453704,2
978,1.4017237632113406,4.188704460017099,2
979,1.5397993923245683,4.154596356453704,3
980,1.4017237632113406,4.188704460017099,2
981,1.492814673018329,4.1546408824518615,2
982,1.5162443535360983,4.154596356453704,2
983,1.5052356712180226,4.154596356453704,2
984,1.2842432055336739,4.200562700705308,2
985,1.399383010034366,4.188704460017099,2
986,1.5746198243749814,4.154598686854706,2
987,1.5021305265470335,4.154596356453704,2
988,1.3205378386177995,4.1353839027133805,3
989,1.4967055393540922,3.855779548126169,4
990,1.63335004202091,3.887217075480641,3
991,1.4923847704869013,4.1546408824518615,2
992,1.3986375957221746,4.194167231872572,2
993,1.4997830575619306,4.1546408824518615,2
994,1.556482707850102,3.855779548126169,4
995,1.51666134796316,4.154596356453704,2
996,1.508694846588912,4.1546408824518615,2
997,1.5087005365580761,4.1546408824518615,2
998,1.5131462802401716,4.089381956041405,3
999,1.489417370995936,4.154639685951833,2
